[{"name":"Телевізор 43\" Xiaomi Mi TV P1 43 Black","feedback_count":"83","price":"11 999"},{"name":"Магніт \"Лапка тигра\"","feedback_count":"5","price":"5"},{"name":"Телевізор 55\" Xiaomi Mi TV P1 55 Black","feedback_count":"65","price":"16 499"},{"name":"Телевізор 65\" Xiaomi Mi TV UHD 4S Smart TV Silver","feedback_count":"86","price":"24 999"},{"name":"Телевізор 50\" Xiaomi Mi TV P1 50 Black","feedback_count":"16","price":"14 999"},{"name":"Телевізор 43\" Samsung UE43AU7100UXUA Black","feedback_count":"16","price":"14 599"},{"name":"Телевізор 32\" Samsung UE32T5300AUXUA Smart TV Black","feedback_count":"28","price":"9 999"},{"name":"Телевізор 43\" Samsung UE43AU8000UXUA Black","feedback_count":"4","price":"18 399"},{"name":"Телевізор 32\" Xiaomi Mi TV P1 32 Black","feedback_count":"27","price":"7 999"},{"name":"Телевізор 32\" LG 32LM637BPLA Black","feedback_count":"5","price":"9 299"},{"name":"Телевізор 50\" LG 50UP75006LF Black","feedback_count":"3","price":"18 499"},{"name":"Телевізор Philips 58PUS8506/12","feedback_count":"7","price":"30 599"},{"name":"Телевізор Philips 43PUS7906/12","feedback_count":"7","price":"17 999"},{"name":"Телевізор 48\" LG OLED48A16LA Black","feedback_count":"залишити відгук","price":"37 999"},{"name":"Телевізор 48\" LG OLED48C14LB Black","feedback_count":"залишити відгук","price":"44 999"},{"name":"Телевізор 55\" LG OLED55C14LB Black","feedback_count":"залишити відгук","price":"54 999"},{"name":"Телевізор 65\" LG OLED65A16LA Black","feedback_count":"залишити відгук","price":"64 999"},{"name":"Телевізор 55\" LG OLED55G16LA Black","feedback_count":"залишити відгук","price":"65 999"},{"name":"Телевізор 32\" LG 32LM6370PLA Black","feedback_count":"7","price":"10 699"},{"name":"Телевізор 65\" LG OLED65G16LA Black","feedback_count":"залишити відгук","price":"99 999"},{"name":"Телевізор Xiaomi Mi TV UHD 4S 50\" International","feedback_count":"468","price":"13 999"},{"name":"Телевізор 55\" Samsung QE55Q60AAUXUA Black","feedback_count":"6","price":"30 999"},{"name":"Телевізор 55\" LG 55UP75006LF Black","feedback_count":"1","price":"21 499"},{"name":"Телевізор Philips 65PUS7906/12","feedback_count":"1","price":"32 999"},{"name":"Телевізор Philips 55PUS7906/12","feedback_count":"залишити відгук","price":"25 999"},{"name":"Телевізор 43\" LG 43UP81006LA Black","feedback_count":"3","price":"17 999"},{"name":"Телевізор 43\" Samsung QE43LS03AAUXUA Black","feedback_count":"залишити відгук","price":"32 999"},{"name":"Телевізор 50\" Samsung QE50Q60AAUXUA Black","feedback_count":"3","price":"28 999"},{"name":null,"feedback_count":null,"price":null}]